Project_ID,Project_Type,Land_Area_Acres,Owners,Disputes,Objections,Pending_Documents,Pending_Approvals,Compensation_Pending,Current_Stage,Days_in_Current_Stage,Total_Days,Previous_Delays,Land_Record_Complexity,Target_Delayed
P0001,Railway,173.2,16,2,4,1,0,9,Objection,23,299,2,Low,1
P0002,Industrial,66.5,18,1,2,4,1,9,Valuation,69,287,3,Medium,1
P0003,Dam,212.9,7,2,1,3,2,5,Objection,30,32,0,Low,0
P0004,Railway,276.7,10,1,4,3,0,7,Notification,46,182,2,Medium,1
P0005,Highway,150.5,18,2,1,0,3,7,Compensation,72,96,0,Medium,1
P0006,Highway,198.7,7,3,4,2,1,2,Valuation,64,89,2,Medium,1
P0007,Highway,176.1,16,0,1,1,0,7,Approval,44,263,0,Low,0
P0008,Industrial,79.4,11,3,5,1,1,7,Verification,24,145,0,High,1
P0009,Airport,273,11,3,1,7,0,3,Notification,40,215,0,Medium,1
P0010,Dam,153.1,6,2,1,5,1,12,Compensation,16,82,2,Low,0
P0011,Highway,226.8,13,1,2,1,0,9,Verification,28,34,1,Low,0
P0012,Industrial,258.1,15,1,4,1,2,5,Objection,42,285,0,Medium,0
P0013,Dam,115,15,3,0,2,1,14,Compensation,56,107,1,High,1
P0014,Highway,121,16,2,4,1,1,9,Objection,15,147,1,Medium,1
P0015,Highway,130.6,14,1,0,4,1,3,Objection,21,149,1,Medium,1
P0016,Highway,300.8,13,2,1,3,1,9,Approval,44,47,0,Low,1
P0017,Highway,90.1,15,0,3,3,1,13,Objection,43,46,0,Low,1
P0018,Railway,328.8,16,0,1,3,0,5,Verification,52,57,0,Low,0
P0019,Railway,175,16,3,4,0,1,8,Notification,5,295,0,Medium,1
P0020,Highway,182,14,1,3,3,1,6,Approval,33,122,0,Low,1
P0021,Airport,252,9,2,2,3,2,3,Notification,17,110,1,Low,1
P0022,Highway,164.2,15,1,4,1,0,3,Objection,56,80,0,Low,0
P0023,Highway,274.7,10,1,7,5,3,4,Valuation,55,23,0,High,1
P0024,Railway,114.9,10,1,4,3,1,2,Compensation,47,244,1,Medium,1
P0025,Railway,323.2,12,4,4,3,0,7,Approval,40,235,0,Low,1
P0026,Dam,120.2,13,0,3,2,1,10,Objection,52,292,1,High,1
P0027,Highway,329.8,7,1,3,1,1,9,Approval,26,113,0,Low,0
P0028,Railway,122.1,12,3,2,3,3,5,Valuation,19,285,0,Low,1
P0029,Railway,132.8,10,0,2,3,2,8,Verification,20,277,0,Low,1
P0030,Highway,83.7,14,1,3,2,0,3,Verification,44,178,1,Low,1
P0031,Airport,98,10,1,3,5,0,11,Compensation,19,30,1,Low,1
P0032,Highway,153.6,15,0,2,2,2,6,Verification,18,183,0,Medium,1
P0033,Highway,178.7,14,3,3,2,2,3,Valuation,54,35,0,Medium,1
P0034,Industrial,264,9,0,3,4,1,2,Notification,38,42,2,Medium,1
P0035,Industrial,138.3,15,2,3,1,0,6,Valuation,41,97,0,Medium,1
P0036,Dam,77.2,12,0,4,3,0,10,Valuation,27,287,1,Medium,1
P0037,Highway,193.8,10,2,3,2,0,7,Objection,44,50,0,Low,0
P0038,Highway,172.1,18,1,8,3,0,5,Verification,23,290,0,Medium,1
P0039,Airport,205.5,14,3,3,3,1,10,Approval,70,247,0,Medium,1
P0040,Railway,106.5,15,3,2,2,0,5,Compensation,61,118,0,High,0
P0041,Highway,114,11,2,4,3,0,3,Notification,32,20,1,Low,1
P0042,Railway,106.5,17,3,0,2,2,3,Approval,59,37,1,Low,1
P0043,Highway,291.5,14,2,4,2,0,4,Objection,35,184,0,Medium,1
P0044,Industrial,324.8,11,1,2,4,1,2,Objection,55,166,1,Medium,1
P0045,Highway,111.1,8,0,1,3,0,5,Notification,18,258,0,Low,0
P0046,Airport,112.4,11,2,2,4,5,4,Approval,51,255,0,Medium,1
P0047,Highway,221.2,14,0,1,6,1,7,Notification,7,275,0,Low,1
P0048,Railway,344.2,15,1,1,3,1,7,Notification,62,60,2,High,1
P0049,Railway,384.3,14,0,4,3,1,7,Verification,73,287,1,Low,1
P0050,Highway,108.2,14,0,3,0,1,9,Approval,57,89,0,Low,1
P0051,Industrial,124.5,14,4,2,5,1,5,Verification,37,297,0,Low,1
P0052,Dam,183.9,14,2,3,2,3,9,Verification,71,210,1,Low,1
P0053,Industrial,188.8,12,0,3,1,1,6,Compensation,44,37,0,Low,0
P0054,Industrial,141.3,12,3,3,4,0,5,Verification,71,101,0,Medium,1
P0055,Railway,96,19,0,5,4,2,6,Valuation,26,135,0,High,1
P0056,Industrial,153.7,13,1,4,3,0,8,Objection,73,163,2,Low,1
P0057,Highway,384.1,15,2,1,4,1,12,Objection,73,164,2,Medium,1
P0058,Highway,114.9,6,2,2,1,1,4,Valuation,57,79,0,Low,0
P0059,Highway,177.7,15,1,3,4,1,3,Notification,16,174,0,Low,1
P0060,Highway,520.8,12,4,3,1,0,7,Approval,57,298,0,Low,1
P0061,Railway,114,9,1,5,5,2,8,Approval,17,96,0,Low,1
P0062,Highway,226.8,15,2,2,0,0,6,Approval,7,21,0,Medium,0
P0063,Dam,392.9,15,3,3,2,0,6,Verification,6,196,0,Low,1
P0064,Railway,216.4,9,0,4,2,2,4,Approval,32,28,2,High,1
P0065,Highway,280.5,14,2,2,1,3,5,Approval,55,197,0,Medium,1
P0066,Railway,243.4,15,1,2,4,0,15,Approval,32,58,1,Medium,1
P0067,Highway,207.1,9,1,1,1,0,7,Objection,63,188,0,High,0
P0068,Dam,319.1,16,1,3,4,3,2,Valuation,73,28,0,High,0
P0069,Highway,223,13,1,4,2,0,3,Compensation,70,87,2,Medium,1
P0070,Industrial,142.2,12,2,6,1,0,7,Notification,57,237,0,Medium,1
P0071,Dam,170.2,14,2,2,1,1,4,Valuation,73,16,0,Low,1
P0072,Highway,192.3,19,1,5,3,0,5,Approval,44,224,0,Medium,1
P0073,Highway,124.1,14,2,4,2,1,6,Notification,31,275,2,Medium,1
P0074,Dam,174.5,5,3,7,0,1,5,Notification,37,104,1,High,1
P0075,Dam,160.9,12,2,4,3,3,8,Valuation,47,266,2,Low,1
P0076,Dam,222.6,18,2,3,1,4,9,Valuation,31,61,1,Low,1
P0077,Dam,449.4,10,3,2,0,1,9,Valuation,72,177,0,Low,1
P0078,Highway,180.2,18,1,5,6,3,5,Compensation,5,130,1,High,1
P0079,Railway,348.9,16,1,6,2,1,7,Valuation,59,93,0,Low,1
P0080,Highway,218.3,13,2,2,5,1,8,Compensation,68,22,1,Medium,1
P0081,Industrial,174.1,6,0,2,2,1,6,Verification,24,37,0,Low,0
P0082,Airport,120.1,20,2,2,4,0,4,Objection,29,283,0,Low,1
P0083,Highway,174.8,12,0,1,1,2,9,Compensation,24,293,1,Low,1
P0084,Highway,168.9,10,1,4,3,1,6,Objection,51,45,1,Medium,0
P0085,Highway,102.3,13,0,5,1,2,10,Approval,26,184,0,Low,0
P0086,Highway,112,8,1,5,0,1,6,Verification,29,144,0,Medium,0
P0087,Dam,193.2,12,1,5,2,3,4,Notification,38,171,1,High,1
P0088,Airport,347,16,2,3,1,1,6,Valuation,19,36,0,High,1
P0089,Industrial,150.8,11,1,5,1,2,6,Approval,58,140,0,Medium,1
P0090,Railway,61.3,8,2,3,3,1,5,Notification,12,183,1,Medium,1
P0091,Highway,34.6,11,1,0,1,0,4,Objection,56,180,0,Low,1
P0092,Dam,82.7,6,2,2,3,0,5,Notification,40,171,0,High,1
P0093,Dam,229.9,17,1,2,1,0,8,Valuation,6,36,0,Low,0
P0094,Railway,69.1,11,1,3,4,0,9,Valuation,52,278,0,Medium,1
P0095,Dam,249.8,9,1,3,3,1,8,Compensation,63,277,0,Low,1
P0096,Railway,223.2,13,2,4,5,0,11,Compensation,23,226,0,Low,1
P0097,Railway,147.9,14,2,4,5,1,6,Objection,38,178,1,Low,1
P0098,Railway,102.9,8,0,3,1,1,12,Valuation,48,150,2,Medium,1
P0099,Highway,136,13,1,2,3,2,10,Verification,73,266,1,Medium,1
P0100,Highway,190.6,14,0,2,2,2,8,Approval,46,219,0,Medium,1
P0101,Highway,70.5,13,4,4,2,0,3,Objection,66,256,3,Low,1
P0102,Airport,328.3,13,1,3,5,1,9,Objection,20,293,0,High,1
P0103,Highway,189.7,17,2,0,5,1,6,Notification,15,75,0,Low,0
P0104,Railway,201.6,12,1,4,2,0,9,Objection,15,109,0,Low,0
P0105,Industrial,222.3,15,0,3,0,1,3,Approval,27,162,2,Medium,0
P0106,Highway,311.4,15,0,2,4,0,6,Verification,7,273,0,High,1
P0107,Railway,175,17,4,1,3,0,2,Notification,41,44,0,Low,1
P0108,Dam,230,13,0,3,5,0,11,Approval,31,32,2,Medium,1
P0109,Highway,103.9,12,1,3,0,0,5,Compensation,59,201,0,Medium,0
P0110,Highway,385.2,13,2,2,1,1,3,Objection,48,226,0,High,1
P0111,Highway,168.5,13,0,1,2,0,5,Valuation,35,49,0,Low,0
P0112,Highway,103.6,17,0,3,1,0,3,Compensation,12,161,1,Low,0
P0113,Industrial,120.1,17,3,5,4,3,9,Valuation,60,296,1,Low,1
P0114,Dam,44,11,1,4,1,2,10,Approval,27,49,0,Low,1
P0115,Airport,119.7,16,0,3,4,5,7,Verification,41,90,0,Low,1
P0116,Industrial,28.9,9,2,4,0,1,12,Valuation,18,86,2,High,1
P0117,Dam,239.2,14,2,6,0,1,5,Approval,62,263,0,Low,1
P0118,Highway,198.3,14,3,4,3,1,6,Notification,30,71,0,High,1
P0119,Industrial,85.8,13,0,2,4,1,3,Objection,46,24,0,Low,0
P0120,Railway,152.4,15,0,2,4,1,12,Verification,60,227,1,High,1
P0121,Dam,156.3,14,0,2,3,0,6,Verification,34,251,0,Medium,1
P0122,Industrial,75.3,10,2,2,1,1,12,Notification,65,248,1,Low,1
P0123,Highway,137.7,11,1,2,2,1,7,Verification,47,237,0,Medium,1
P0124,Highway,159.1,9,1,2,1,0,4,Approval,55,118,0,Low,1
P0125,Highway,135.6,16,1,2,3,2,4,Verification,63,112,2,Low,1
P0126,Railway,103.5,7,1,1,3,1,5,Verification,52,240,1,Low,1
P0127,Dam,83.8,9,1,2,3,0,3,Verification,29,236,2,Low,1
P0128,Industrial,132.8,10,0,1,0,1,8,Approval,28,294,1,Medium,1
P0129,Highway,111.1,18,0,4,1,2,8,Compensation,5,57,1,Medium,1
P0130,Railway,214.3,10,1,1,0,1,5,Objection,41,167,1,Low,0
P0131,Railway,321.7,14,3,4,2,1,10,Valuation,67,238,1,High,1
P0132,Highway,256.4,9,0,2,4,0,7,Compensation,37,133,0,High,1
P0133,Highway,162.1,11,0,1,2,2,4,Verification,55,228,3,Low,1
P0134,Highway,105.9,10,1,4,3,1,9,Notification,48,67,2,Low,1
P0135,Industrial,252.7,19,0,4,4,2,7,Notification,70,234,1,Low,1
P0136,Highway,221.4,13,0,4,2,0,9,Approval,24,257,0,Medium,0
P0137,Railway,309.7,9,1,2,3,1,7,Objection,62,67,0,Low,1
P0138,Dam,175.1,12,2,2,3,1,2,Verification,8,131,0,Low,0
P0139,Railway,374.4,12,0,2,3,1,9,Approval,54,56,0,Medium,1
P0140,Industrial,175.2,9,0,2,1,1,1,Valuation,31,261,0,Medium,1
P0141,Industrial,105.6,10,5,2,2,3,7,Objection,45,262,0,Low,1
P0142,Highway,117.4,13,1,5,1,2,3,Objection,36,115,0,High,1
P0143,Railway,208.8,19,0,1,0,0,5,Approval,33,101,1,Medium,0
P0144,Highway,110.9,13,0,1,2,4,4,Compensation,48,98,2,Low,1
P0145,Highway,373,12,3,5,1,2,5,Notification,6,275,1,Medium,1
P0146,Highway,199.4,9,0,3,7,2,4,Compensation,4,235,0,Low,1
P0147,Airport,160.1,12,2,2,1,2,2,Objection,7,168,1,Medium,1
P0148,Railway,167.7,8,1,4,2,1,3,Notification,48,65,2,Low,1
P0149,Highway,134.7,11,1,2,2,3,7,Objection,21,52,2,Low,1
P0150,Highway,52.1,12,1,3,5,0,0,Objection,40,273,1,Low,1
P0151,Industrial,117.4,12,2,3,2,0,9,Objection,61,201,0,Low,1
P0152,Highway,348.3,10,1,4,2,1,5,Valuation,74,27,0,Medium,1
P0153,Highway,177.8,12,0,4,0,1,4,Notification,22,237,0,Medium,1
P0154,Railway,272.2,13,2,2,1,1,3,Valuation,70,101,0,Low,0
P0155,Industrial,276.4,10,1,2,0,1,7,Notification,55,273,1,Low,1
P0156,Highway,153.2,10,1,1,4,0,3,Valuation,57,195,2,Medium,1
P0157,Airport,223.4,15,3,6,1,1,3,Valuation,41,187,0,Low,1
P0158,Dam,55.8,10,2,4,4,1,6,Valuation,38,209,1,Low,1
P0159,Highway,333.3,22,2,3,3,5,8,Approval,60,259,2,Medium,1
P0160,Dam,318.8,15,4,2,2,1,5,Valuation,17,210,1,High,1
P0161,Railway,205.7,11,3,2,2,2,5,Compensation,3,76,1,High,0
P0162,Airport,181.3,7,0,2,3,2,7,Compensation,11,39,0,Medium,0
P0163,Airport,154.4,10,2,5,3,2,5,Objection,25,66,2,Low,1
P0164,Railway,289.2,9,1,1,2,2,5,Verification,54,64,1,Medium,1
P0165,Highway,237.5,19,1,3,3,1,3,Valuation,28,66,4,Low,1
P0166,Dam,20.8,7,1,1,3,2,10,Verification,62,54,1,Low,1
P0167,Highway,126.5,14,3,1,5,0,4,Verification,20,246,0,Medium,1
P0168,Highway,77.3,13,0,7,0,1,7,Objection,60,74,2,Medium,1
P0169,Highway,68.4,13,1,6,1,2,6,Verification,67,230,0,Low,1
P0170,Railway,287.6,6,4,1,3,1,4,Verification,71,211,0,Low,1
P0171,Airport,152.5,10,1,5,3,3,7,Compensation,16,290,0,Medium,1
P0172,Highway,203.8,12,2,3,1,4,6,Verification,48,16,0,High,1
P0173,Railway,163.7,19,2,2,0,2,3,Notification,71,120,2,Medium,1
P0174,Highway,69,15,1,3,1,1,12,Valuation,34,230,1,Low,1
P0175,Airport,56.6,9,1,3,3,0,8,Valuation,53,279,2,High,1
P0176,Highway,121.5,11,4,4,1,0,3,Verification,71,181,2,Medium,1
P0177,Airport,127.5,17,2,6,4,0,8,Objection,17,261,1,Medium,1
P0178,Railway,127.5,16,2,3,1,1,6,Notification,55,224,3,Low,1
P0179,Industrial,129.6,11,2,3,1,0,7,Objection,73,72,0,Low,0
P0180,Highway,433.4,11,3,5,2,0,5,Objection,71,57,0,Low,1
P0181,Highway,270,12,2,0,3,0,7,Verification,17,152,0,Low,0
P0182,Highway,179.2,8,1,5,3,0,10,Approval,32,123,0,Low,1
P0183,Industrial,150.3,18,2,2,1,4,4,Verification,26,62,1,Medium,1
P0184,Industrial,153.3,16,1,1,3,0,4,Compensation,37,140,1,Low,1
P0185,Highway,232.8,19,2,4,2,0,5,Approval,71,228,0,High,1
P0186,Airport,149.5,14,2,4,3,1,5,Notification,14,142,0,Low,0
P0187,Dam,255.3,18,2,5,3,1,5,Approval,48,212,0,Medium,1
P0188,Railway,190,11,2,2,3,0,14,Verification,71,216,0,Medium,1
P0189,Railway,435.6,8,2,2,3,5,10,Verification,38,206,0,Medium,1
P0190,Highway,144.5,13,1,4,5,1,7,Objection,50,121,2,Low,1
P0191,Highway,280.4,16,0,4,5,2,6,Verification,69,208,1,Medium,1
P0192,Industrial,81.7,15,2,3,4,3,2,Compensation,56,252,1,High,1
P0193,Industrial,107.5,8,0,1,1,2,3,Verification,38,146,0,High,1
P0194,Airport,404.5,14,0,1,4,0,9,Valuation,54,97,0,Medium,1
P0195,Highway,249.5,23,2,1,2,1,8,Valuation,24,298,0,Medium,1
P0196,Highway,205.8,11,1,1,1,1,3,Objection,40,236,2,Low,1
P0197,Dam,495.7,6,0,4,2,2,7,Approval,64,120,0,High,1
P0198,Industrial,151.6,12,0,3,2,0,7,Approval,67,80,1,High,1
P0199,Industrial,280.1,14,1,4,7,1,4,Valuation,5,209,2,Medium,1
P0200,Dam,291.2,14,1,3,4,2,8,Compensation,10,202,2,Medium,1
P0201,Airport,357.7,13,3,3,2,2,10,Notification,41,61,0,Medium,1
P0202,Highway,75.9,11,2,3,3,0,12,Compensation,20,39,2,Low,0
P0203,Highway,151,11,1,0,3,0,5,Valuation,5,80,1,High,1
P0204,Industrial,188.2,7,1,6,5,2,6,Compensation,20,81,0,Medium,1
P0205,Airport,354.6,13,4,4,4,1,7,Notification,3,211,0,Medium,1
P0206,Highway,201.3,10,2,1,1,2,6,Approval,28,260,1,Medium,1
P0207,Highway,291.5,12,1,6,2,2,6,Valuation,54,114,1,High,1
P0208,Airport,71.7,11,1,1,2,2,4,Verification,14,192,1,Medium,1
P0209,Highway,131.5,15,1,3,3,0,7,Notification,40,129,0,Low,1
P0210,Highway,318.2,12,0,6,3,1,3,Notification,43,182,2,Medium,1
P0211,Railway,141.7,14,3,3,6,2,6,Notification,55,133,1,High,1
P0212,Airport,158.1,6,2,1,0,1,5,Approval,15,179,0,Medium,0
P0213,Airport,351.5,8,0,4,2,3,4,Compensation,15,233,1,High,1
P0214,Highway,93,20,5,1,2,2,2,Objection,20,211,0,High,1
P0215,Dam,106.4,7,0,4,2,3,6,Verification,21,251,0,Medium,1
P0216,Highway,67,13,1,5,5,0,8,Valuation,21,183,2,Low,1
P0217,Highway,359.1,14,3,1,0,1,7,Compensation,72,90,1,Low,1
P0218,Dam,267.3,10,1,2,2,1,2,Notification,50,47,0,Medium,0
P0219,Airport,263.7,11,2,5,1,0,11,Approval,73,244,1,Low,1
P0220,Dam,129.4,15,2,9,4,0,9,Notification,73,209,0,Medium,1
P0221,Airport,63.9,7,1,5,1,2,6,Compensation,30,292,1,Medium,1
P0222,Railway,53,9,3,4,2,1,7,Valuation,21,244,1,Low,1
P0223,Highway,319.4,17,1,4,1,3,8,Verification,50,110,0,Medium,1
P0224,Railway,213.4,12,2,4,4,1,7,Notification,31,185,0,Medium,1
P0225,Highway,235.9,18,2,3,1,4,3,Approval,50,46,1,Low,1
P0226,Highway,183.4,10,2,2,2,1,6,Approval,21,59,0,Low,0
P0227,Industrial,98.8,10,0,2,4,1,6,Objection,49,86,0,High,0
P0228,Railway,132.9,14,1,7,3,3,6,Approval,62,34,1,Low,1
P0229,Industrial,84.6,12,4,4,6,0,8,Objection,50,253,1,Low,1
P0230,Airport,78.2,13,0,3,4,1,7,Verification,22,213,2,Low,1
P0231,Dam,255.6,12,1,1,0,3,8,Valuation,21,79,3,Low,1
P0232,Railway,56,17,0,1,1,0,1,Objection,44,202,2,Medium,0
P0233,Railway,84.9,17,2,2,1,4,8,Notification,51,103,0,Low,1
P0234,Railway,137.4,17,4,2,2,0,4,Compensation,17,215,2,High,1
P0235,Highway,166.3,12,3,4,0,3,7,Notification,62,37,1,Low,1
P0236,Dam,66.5,13,0,3,5,0,4,Valuation,70,144,0,Medium,0
P0237,Highway,55.1,11,1,4,5,2,8,Approval,29,168,1,Low,1
P0238,Highway,199.9,11,0,6,6,1,5,Compensation,57,92,1,High,1
P0239,Airport,177.7,10,1,2,0,1,7,Notification,17,204,1,Medium,1
P0240,Highway,316.5,12,3,5,2,1,5,Compensation,54,168,1,High,1
P0241,Industrial,167.9,11,0,1,3,1,9,Objection,33,127,0,Medium,0
P0242,Industrial,211.1,12,3,4,2,1,8,Valuation,9,131,1,Medium,1
P0243,Industrial,102.2,15,2,2,5,0,3,Notification,15,19,1,High,1
P0244,Railway,104.8,9,2,5,3,4,4,Approval,56,49,0,Low,1
P0245,Highway,70.9,10,1,2,5,1,9,Compensation,15,286,0,Medium,1
P0246,Industrial,102.8,13,2,4,2,0,4,Approval,22,173,1,Low,1
P0247,Railway,131.7,9,1,2,1,1,1,Compensation,12,224,2,Medium,1
P0248,Industrial,299.7,12,1,6,4,1,2,Notification,54,28,1,High,1
P0249,Industrial,93.7,18,6,2,1,1,7,Valuation,39,39,1,High,1
P0250,Industrial,446,12,2,0,3,0,4,Verification,54,232,0,Low,1
P0251,Highway,221.3,14,1,2,0,1,9,Notification,29,268,0,Low,0
P0252,Railway,197.1,10,2,3,2,2,11,Approval,36,217,2,Low,1
P0253,Industrial,160.6,8,0,2,1,3,5,Verification,64,115,1,Low,1
P0254,Highway,143.9,12,0,4,6,1,8,Valuation,18,243,1,Low,1
P0255,Highway,112.1,12,2,2,2,0,5,Approval,61,213,1,Low,1
P0256,Railway,64.8,14,2,2,3,1,7,Valuation,23,192,0,High,1
P0257,Industrial,95.7,16,1,4,3,1,3,Compensation,18,290,1,Medium,1
P0258,Airport,358.6,13,0,1,0,1,5,Notification,15,144,1,Medium,1
P0259,Railway,213.9,15,1,1,0,1,6,Valuation,35,293,1,Medium,1
P0260,Highway,356.9,18,1,4,1,0,6,Approval,56,155,0,Medium,1
P0261,Airport,110.4,13,0,3,0,0,5,Notification,71,27,0,High,1
P0262,Industrial,83.1,12,1,8,2,0,10,Approval,29,231,3,Medium,1
P0263,Highway,159.7,16,0,1,2,2,9,Approval,54,200,0,Low,1
P0264,Railway,97.8,10,1,4,5,0,6,Verification,67,41,1,Medium,1
P0265,Industrial,178.7,19,0,2,1,2,7,Objection,46,232,1,High,1
P0266,Dam,56.6,12,5,2,3,2,1,Valuation,32,28,2,Low,1
P0267,Airport,40.6,18,4,3,1,3,3,Valuation,25,156,1,Medium,1
P0268,Dam,192.9,10,3,4,5,1,3,Verification,18,69,2,Low,0
P0269,Railway,364,12,1,3,0,4,14,Compensation,57,205,0,Low,1
P0270,Highway,197.6,12,1,4,2,0,4,Valuation,20,299,0,High,1
P0271,Dam,212.7,9,0,5,1,1,6,Verification,19,103,0,Low,0
P0272,Dam,163.6,16,1,5,2,1,7,Valuation,54,59,1,Low,1
P0273,Industrial,172.4,9,3,2,2,2,4,Valuation,47,146,1,Low,1
P0274,Industrial,62.8,10,2,5,1,0,5,Approval,58,80,1,High,1
P0275,Railway,100,12,0,3,1,3,2,Verification,56,293,0,Low,1
P0276,Railway,298.1,6,1,5,4,0,7,Compensation,11,162,2,High,1
P0277,Dam,78.8,12,3,3,4,1,6,Valuation,19,159,1,Low,1
P0278,Airport,130,9,2,6,2,2,6,Compensation,29,20,0,High,1
P0279,Dam,294.8,18,1,1,0,1,10,Objection,39,96,1,High,1
P0280,Dam,169.8,10,2,1,1,2,6,Verification,24,137,1,Low,1
P0281,Industrial,174.6,10,1,4,6,1,7,Verification,74,181,0,Low,1
P0282,Highway,130.6,17,2,3,1,1,7,Verification,69,251,1,Low,1
P0283,Railway,229.9,9,2,7,5,2,5,Approval,40,119,1,Medium,1
P0284,Highway,260.5,11,0,2,1,0,8,Verification,74,252,2,Low,1
P0285,Railway,96.8,10,2,0,5,1,6,Approval,46,96,1,Low,1
P0286,Highway,66.6,16,1,2,3,2,8,Objection,38,108,0,Low,0
P0287,Railway,45.8,14,1,3,1,0,5,Notification,27,299,0,Low,0
P0288,Railway,207.2,11,2,2,1,0,6,Approval,44,80,0,Low,0
P0289,Highway,194.4,14,1,3,3,1,5,Valuation,15,126,1,High,1
P0290,Railway,513.8,12,1,3,5,1,7,Verification,58,185,1,High,1
P0291,Highway,164.1,14,0,1,2,6,6,Notification,53,261,1,Low,1
P0292,Highway,148,14,1,4,1,0,2,Approval,52,80,1,Medium,0
P0293,Dam,182,10,2,4,0,0,4,Compensation,54,82,3,Medium,1
P0294,Railway,187.5,8,1,4,2,2,5,Compensation,35,48,0,Medium,1
P0295,Highway,141.5,17,3,3,6,3,6,Valuation,27,15,1,Medium,1
P0296,Railway,98.7,15,2,2,1,2,8,Notification,60,165,0,Medium,1
P0297,Dam,159.2,14,0,2,4,1,9,Objection,42,286,1,Medium,1
P0298,Highway,155.8,14,0,2,4,0,8,Approval,40,272,0,Medium,1
P0299,Airport,154.4,10,2,0,1,3,6,Compensation,5,252,1,Low,0
P0300,Highway,243.1,10,3,4,1,1,4,Compensation,18,130,0,Low,0
P0301,Highway,157.6,10,0,2,1,0,11,Approval,4,90,1,Low,0
P0302,Railway,67.6,16,2,4,2,1,5,Compensation,25,297,1,Medium,1
P0303,Railway,108.5,6,2,2,4,0,12,Objection,32,33,1,Low,1
P0304,Airport,140.5,14,2,7,4,1,8,Compensation,12,298,0,Medium,1
P0305,Dam,161.8,11,0,5,2,3,4,Approval,67,49,0,Low,1
P0306,Industrial,209.6,19,2,3,3,1,2,Verification,24,255,0,High,1
P0307,Railway,162.5,13,2,1,2,2,5,Compensation,54,21,1,Low,0
P0308,Highway,41.2,7,0,4,2,2,8,Approval,58,51,2,Medium,1
P0309,Dam,72.6,12,0,1,4,1,3,Verification,35,167,0,Medium,1
P0310,Highway,217.4,9,1,2,1,0,5,Compensation,32,259,0,Low,0
P0311,Railway,138.3,14,1,2,1,1,10,Compensation,26,264,2,Low,1
P0312,Highway,170.4,13,1,4,1,2,3,Approval,7,129,0,High,1
P0313,Highway,128.4,7,1,5,3,1,3,Valuation,55,55,2,Low,1
P0314,Industrial,108.2,12,2,2,2,0,8,Valuation,57,76,1,High,1
P0315,Dam,131.1,15,3,2,6,0,1,Notification,25,183,0,High,1
P0316,Airport,171.6,13,1,2,2,1,9,Valuation,12,156,1,Medium,1
P0317,Railway,156.9,18,3,3,2,1,7,Objection,35,272,1,Medium,1
P0318,Highway,259.5,15,2,4,3,2,2,Notification,64,102,0,Medium,1
P0319,Highway,59.6,20,3,1,3,1,8,Valuation,29,62,2,Medium,1
P0320,Highway,65,10,2,4,1,0,6,Verification,9,26,0,High,0
P0321,Railway,137.4,14,4,5,2,1,7,Approval,29,225,1,Low,1
P0322,Dam,210.9,11,2,1,2,0,9,Valuation,12,258,0,Low,1
P0323,Airport,236,14,1,2,5,0,8,Verification,59,253,0,Low,1
P0324,Highway,110.7,8,1,3,3,1,9,Notification,32,211,0,Medium,1
P0325,Industrial,25.3,15,0,1,3,0,5,Approval,5,271,0,Low,0
P0326,Dam,112.9,12,1,3,2,1,8,Valuation,31,249,0,High,1
P0327,Railway,194.7,16,1,4,4,2,7,Notification,16,201,0,Low,1
P0328,Airport,155.3,11,3,4,0,3,9,Valuation,27,215,1,High,1
P0329,Railway,215.1,14,1,3,1,3,5,Notification,12,117,2,Low,1
P0330,Highway,292.5,7,0,5,3,0,7,Valuation,51,235,1,Low,1
P0331,Railway,142.9,12,2,1,2,2,3,Verification,40,201,1,Low,1
P0332,Dam,120.3,12,0,4,2,3,8,Objection,73,113,1,Low,1
P0333,Highway,90.7,7,0,2,4,2,5,Verification,16,259,0,Medium,1
P0334,Highway,64.7,8,2,1,0,1,6,Approval,32,36,0,High,1
P0335,Highway,54.2,13,2,4,6,1,7,Valuation,42,82,1,Low,1
P0336,Highway,104.4,17,1,3,1,0,5,Objection,14,79,0,Medium,0
P0337,Industrial,271.3,11,1,2,3,2,9,Objection,16,231,1,Low,1
P0338,Dam,226.4,15,0,2,2,0,6,Approval,3,43,0,Low,0
P0339,Railway,117.1,11,1,1,1,1,6,Approval,70,207,0,Medium,1
P0340,Highway,448.3,14,1,2,1,1,7,Objection,51,70,1,Low,1
P0341,Railway,108.7,14,1,4,1,2,6,Approval,20,226,3,High,1
P0342,Railway,307.4,15,4,4,2,0,3,Approval,38,252,0,Medium,1
P0343,Highway,346.4,18,2,6,0,3,8,Valuation,66,214,0,Low,1
P0344,Railway,202,15,2,1,0,1,9,Verification,30,192,2,Medium,1
P0345,Railway,103.8,9,1,4,4,0,11,Compensation,34,167,2,Low,1
P0346,Airport,126.2,11,5,0,3,0,2,Notification,74,58,0,Medium,1
P0347,Airport,173.9,14,1,2,2,1,3,Objection,27,182,0,High,0
P0348,Highway,65.9,9,3,2,0,4,6,Notification,49,211,0,High,1
P0349,Railway,85.6,22,1,2,2,1,4,Objection,22,88,2,Low,0
P0350,Airport,81.3,13,2,1,0,0,7,Objection,35,185,0,Low,0
P0351,Railway,210.3,13,2,3,6,1,7,Verification,32,197,0,Medium,1
P0352,Industrial,291,6,0,5,4,3,4,Objection,39,30,2,High,1
P0353,Airport,231.2,14,1,1,1,1,5,Objection,55,82,1,High,1
P0354,Highway,265.5,10,3,2,3,1,4,Verification,71,56,2,Low,1
P0355,Highway,98.7,17,2,5,5,1,6,Approval,10,124,1,Medium,1
P0356,Airport,129.6,13,2,2,5,0,7,Compensation,3,55,1,High,1
P0357,Highway,135.3,10,2,2,3,1,5,Notification,9,20,2,Low,1
P0358,Railway,201.5,17,0,4,3,1,4,Objection,64,195,1,High,1
P0359,Industrial,106.1,15,4,2,1,1,6,Verification,60,287,1,Low,1
P0360,Railway,256.8,14,0,2,2,0,10,Objection,10,199,1,Low,0
P0361,Railway,341.2,9,2,3,2,2,9,Verification,66,158,0,Low,0
P0362,Airport,207.2,14,1,4,5,0,5,Notification,10,114,0,Medium,1
P0363,Railway,126.3,19,0,4,1,1,4,Valuation,5,104,1,High,1
P0364,Railway,93.5,11,0,4,2,1,5,Approval,60,260,0,Medium,1
P0365,Industrial,81.4,16,2,5,1,1,6,Valuation,34,253,0,Low,1
P0366,Railway,41.5,11,2,2,1,1,5,Verification,70,226,0,Low,1
P0367,Industrial,137.7,12,0,0,3,4,6,Objection,51,95,0,Medium,0
P0368,Industrial,133.2,12,0,3,1,0,4,Approval,40,129,1,Medium,1
P0369,Highway,248.3,20,2,3,4,0,10,Notification,4,290,1,Medium,1
P0370,Highway,110.3,8,2,2,2,1,10,Compensation,11,94,0,Low,0
P0371,Highway,142.2,23,1,3,3,0,9,Approval,48,70,1,Medium,0
P0372,Highway,183.5,6,2,5,2,1,2,Objection,67,193,0,High,1
P0373,Highway,205.3,13,1,1,3,0,8,Valuation,51,63,0,Medium,1
P0374,Airport,233.1,12,3,2,0,0,8,Verification,31,274,0,Medium,1
P0375,Highway,173.5,12,1,4,2,1,13,Valuation,31,288,1,High,1
P0376,Highway,68.3,18,1,2,3,2,3,Approval,35,44,1,Medium,1
P0377,Dam,195.6,12,6,0,3,0,4,Compensation,30,266,0,Medium,1
P0378,Highway,105.6,12,1,5,3,1,7,Objection,28,77,0,Medium,1
P0379,Dam,298.4,20,1,0,2,1,5,Verification,31,96,1,Low,0
P0380,Highway,158.6,21,2,2,2,0,7,Objection,13,183,0,Medium,1
P0381,Highway,179.4,13,0,3,4,2,6,Objection,36,172,1,High,1
P0382,Airport,536.4,14,1,2,3,2,3,Compensation,50,70,1,Low,1
P0383,Airport,235.3,11,0,6,2,3,8,Approval,29,156,1,High,1
P0384,Industrial,193.6,12,0,5,5,0,13,Valuation,74,163,1,Medium,1
P0385,Dam,144.6,16,1,3,3,3,9,Objection,42,240,0,Low,1
P0386,Dam,71.9,6,3,4,2,1,8,Objection,33,39,0,Medium,0
P0387,Highway,138.7,14,2,5,3,1,7,Objection,67,192,2,Low,1
P0388,Highway,92.8,14,0,2,2,3,5,Verification,41,109,1,High,1
P0389,Dam,363.6,16,2,2,1,0,9,Objection,26,67,0,Medium,0
P0390,Dam,195,7,1,4,1,1,7,Objection,70,84,0,High,1
P0391,Industrial,292.5,18,3,4,3,1,8,Approval,25,190,1,Medium,1
P0392,Railway,108.4,11,2,7,2,2,5,Objection,63,146,0,Medium,1
P0393,Railway,96.9,9,1,6,3,2,5,Compensation,29,227,0,High,1
P0394,Dam,222.9,14,0,4,4,3,6,Compensation,18,225,0,Low,1
P0395,Highway,90.5,14,3,3,3,1,6,Objection,47,78,1,Medium,0
P0396,Industrial,120.8,7,3,5,1,0,11,Compensation,29,49,1,Low,1
P0397,Industrial,372.9,14,2,2,2,1,8,Approval,7,26,0,High,0
P0398,Railway,123.6,16,2,6,2,3,1,Verification,61,262,0,Medium,1
P0399,Dam,62.6,20,0,2,1,2,5,Compensation,74,126,1,High,1
P0400,Dam,48.6,9,0,6,4,0,7,Compensation,37,105,1,High,1
P0401,Highway,57.9,13,1,3,2,2,9,Valuation,72,43,1,Low,1
P0402,Industrial,301.8,13,1,2,2,3,9,Approval,48,26,2,Low,1
P0403,Railway,112.5,21,1,5,2,1,4,Compensation,58,161,0,Medium,1
P0404,Dam,527.3,17,1,3,1,1,11,Verification,26,151,1,Medium,1
P0405,Highway,343.3,8,2,2,2,2,7,Valuation,12,171,1,Low,1
P0406,Industrial,420.7,14,1,2,3,3,3,Objection,40,273,1,Low,1
P0407,Railway,269.2,6,2,1,2,2,8,Approval,72,101,0,Medium,1
P0408,Highway,216.6,18,0,4,1,2,8,Compensation,50,172,1,Low,1
P0409,Industrial,94.8,10,2,2,0,1,4,Objection,11,200,0,High,0
P0410,Highway,156.4,17,1,3,3,0,9,Approval,52,243,0,High,1
P0411,Highway,228.5,11,1,2,3,0,6,Valuation,71,18,1,Medium,1
P0412,Industrial,260.3,14,3,3,3,1,9,Compensation,50,71,2,Low,1
P0413,Industrial,76.2,14,1,2,2,2,1,Verification,41,42,1,Low,1
P0414,Railway,140,14,2,0,5,1,5,Approval,7,30,1,Medium,1
P0415,Airport,149.4,21,0,2,4,0,3,Verification,13,27,2,High,1
P0416,Railway,146,14,1,3,4,3,9,Objection,62,214,0,Low,1
P0417,Highway,82.6,14,1,1,1,3,12,Objection,29,198,0,Low,1
P0418,Highway,394.2,9,1,2,4,3,12,Valuation,9,295,0,Low,1
P0419,Airport,137.3,14,2,3,1,1,5,Valuation,62,172,0,Medium,1
P0420,Dam,86.3,13,1,1,3,1,7,Notification,52,273,0,Medium,1
P0421,Dam,399.4,15,2,4,3,0,4,Notification,69,171,2,Low,1
P0422,Dam,343.5,12,2,1,3,1,7,Valuation,71,108,0,Medium,1
P0423,Highway,169.7,9,2,5,1,0,5,Compensation,57,281,2,Medium,1
P0424,Railway,48.3,12,1,1,4,1,3,Objection,18,35,0,Medium,0
P0425,Highway,118.7,12,1,1,6,3,4,Verification,14,141,2,Medium,1
P0426,Railway,55,13,0,5,4,2,6,Valuation,29,126,1,High,1
P0427,Railway,207.8,17,1,0,0,2,8,Compensation,35,248,0,Medium,1
P0428,Industrial,113.8,13,0,2,2,0,2,Verification,57,48,1,Medium,1
P0429,Railway,154.2,7,1,2,1,0,10,Notification,54,94,1,High,1
P0430,Highway,380.4,5,2,4,1,1,4,Verification,39,97,0,High,0
P0431,Highway,109,5,1,2,3,0,9,Valuation,17,43,1,Low,1
P0432,Dam,202.9,13,0,4,2,1,7,Objection,67,145,1,Low,1
P0433,Airport,236.8,17,1,5,4,1,2,Valuation,70,25,0,High,1
P0434,Highway,296.8,7,2,2,2,1,2,Approval,5,76,3,Low,1
P0435,Highway,147.9,8,2,3,1,1,6,Compensation,74,47,0,High,1
P0436,Dam,139.1,13,0,4,3,2,8,Compensation,7,150,0,Low,1
P0437,Highway,137.3,9,2,5,2,3,3,Compensation,11,102,2,High,1
P0438,Dam,192.2,14,2,2,5,1,5,Approval,3,31,0,Medium,0
P0439,Dam,335.7,14,1,4,1,0,3,Approval,32,105,0,Medium,0
P0440,Highway,133.6,13,0,4,4,3,5,Objection,73,267,1,Low,1
P0441,Highway,28.9,9,1,2,4,1,2,Compensation,22,87,1,High,1
P0442,Industrial,251.3,21,2,3,0,0,6,Valuation,29,220,0,Low,0
P0443,Railway,162.8,15,2,0,2,0,9,Approval,65,275,0,Low,1
P0444,Railway,208.1,12,3,7,4,1,7,Valuation,33,192,1,Low,1
P0445,Dam,56.3,8,2,0,0,2,5,Notification,21,234,2,High,1
P0446,Industrial,114.1,16,1,0,1,0,10,Compensation,64,187,0,Medium,1
P0447,Industrial,240.2,13,0,1,1,3,3,Approval,9,179,1,Medium,0
P0448,Dam,70.4,19,2,1,3,1,4,Approval,39,234,0,Medium,1
P0449,Railway,202.7,11,0,0,1,3,7,Objection,73,175,2,High,1
P0450,Highway,153.5,17,2,1,1,1,6,Valuation,10,262,0,Medium,0
P0451,Dam,100.1,12,4,5,3,0,4,Objection,59,85,1,Medium,1
P0452,Railway,95.3,16,2,0,3,2,2,Objection,30,106,0,Medium,1
P0453,Railway,83,15,0,6,7,0,9,Valuation,19,259,0,Medium,1
P0454,Industrial,162.3,14,2,3,2,1,1,Notification,13,38,0,Low,0
P0455,Highway,173.1,9,1,4,2,0,7,Valuation,17,59,2,Low,1
P0456,Railway,126.1,13,1,0,2,0,5,Notification,32,203,1,Low,0
P0457,Highway,79.9,12,2,7,3,2,9,Objection,8,97,0,Low,1
P0458,Railway,199.5,11,3,4,9,1,5,Notification,14,236,1,Medium,1
P0459,Highway,253.8,13,0,0,3,1,6,Compensation,63,233,1,Medium,1
P0460,Highway,219.6,11,4,2,2,3,4,Notification,38,232,1,High,1
P0461,Highway,429.9,14,1,8,2,1,6,Notification,37,204,0,Low,1
P0462,Airport,140.8,13,0,3,1,1,2,Approval,69,81,0,Medium,0
P0463,Dam,318,14,0,2,2,0,4,Approval,65,45,0,Medium,0
P0464,Railway,106,16,2,3,2,2,8,Objection,42,264,0,Low,1
P0465,Industrial,96,11,0,4,1,3,8,Valuation,33,68,0,Medium,1
P0466,Railway,168,14,4,1,3,1,6,Notification,39,24,5,High,1
P0467,Highway,356.3,15,1,5,1,4,6,Compensation,7,180,0,Low,1
P0468,Industrial,132,16,0,1,0,0,6,Approval,6,299,2,Medium,1
P0469,Highway,56.3,14,3,5,2,0,7,Valuation,28,167,1,Low,1
P0470,Industrial,251.1,8,1,2,6,1,9,Compensation,26,46,0,Low,1
P0471,Highway,149.8,12,1,1,2,1,5,Notification,41,31,0,Medium,1
P0472,Industrial,185.2,13,1,0,1,3,10,Valuation,58,160,0,High,0
P0473,Highway,99,11,1,2,1,0,5,Compensation,56,89,0,Medium,1
P0474,Industrial,167.1,20,2,1,3,2,4,Verification,40,138,1,Medium,1
P0475,Railway,61.7,13,0,2,1,0,10,Compensation,56,66,0,High,1
P0476,Industrial,397.5,14,2,0,2,0,4,Compensation,21,204,0,Low,0
P0477,Highway,276.6,12,4,3,1,3,6,Notification,28,155,2,Medium,1
P0478,Railway,162.8,18,0,6,3,2,7,Valuation,54,102,0,Medium,1
P0479,Industrial,247.4,14,2,2,2,4,8,Notification,63,98,0,High,1
P0480,Railway,106.1,12,1,0,4,2,4,Notification,69,257,1,Medium,1
P0481,Airport,270,19,2,2,3,1,6,Verification,24,120,0,High,1
P0482,Airport,128.6,9,1,1,2,2,2,Compensation,19,106,0,Low,0
P0483,Railway,123.3,9,2,6,4,2,9,Valuation,13,35,0,Medium,1
P0484,Airport,86.5,11,2,4,2,2,6,Objection,41,20,1,Medium,1
P0485,Railway,198.1,14,0,1,3,1,3,Approval,63,235,0,Medium,1
P0486,Industrial,158.9,14,3,2,4,1,7,Notification,51,101,2,Medium,1
P0487,Highway,323.6,7,0,5,4,2,7,Notification,63,194,2,Low,1
P0488,Highway,80.4,13,3,2,2,1,6,Notification,14,260,1,Low,1
P0489,Industrial,198.6,11,2,3,4,4,7,Notification,15,188,0,Low,1
P0490,Industrial,291.2,17,1,2,1,2,5,Approval,60,127,0,High,1
P0491,Railway,533.8,15,5,1,3,2,8,Objection,13,85,2,High,1
P0492,Airport,174.8,18,0,5,7,1,4,Verification,66,172,0,Low,1
P0493,Highway,127.2,14,1,3,1,1,1,Objection,33,251,1,High,1
P0494,Highway,172.3,11,1,3,1,1,6,Approval,13,201,1,Low,0
P0495,Railway,309.7,5,0,2,2,1,3,Valuation,45,257,1,Low,1
P0496,Railway,309.6,18,1,5,0,3,6,Verification,38,180,1,Low,1
P0497,Railway,146.3,10,1,2,4,0,10,Verification,4,48,0,High,1
P0498,Highway,306.7,17,1,2,3,2,2,Valuation,63,269,0,Medium,1
P0499,Industrial,154.6,15,2,2,3,0,6,Compensation,38,234,3,Low,0
P0500,Industrial,245.9,11,2,0,1,0,6,Notification,51,46,1,Medium,1
P0501,Airport,211.5,11,1,3,1,0,4,Approval,29,271,2,Low,1
P0502,Railway,124.2,16,1,5,1,0,5,Valuation,14,247,1,Low,0
P0503,Highway,88.4,22,2,2,8,3,5,Objection,60,229,1,Low,1
P0504,Dam,295.4,8,0,2,0,3,7,Objection,8,256,2,Low,1
P0505,Airport,340.1,15,0,4,3,2,9,Compensation,46,259,1,High,1
P0506,Highway,196,10,2,5,2,3,4,Valuation,49,34,0,Medium,1
P0507,Industrial,154.5,11,1,4,6,1,5,Approval,25,224,1,Low,1
P0508,Dam,74.2,14,1,2,4,1,6,Compensation,28,224,1,Low,1
P0509,Industrial,291.3,10,1,2,2,2,2,Compensation,9,86,0,Low,0
P0510,Dam,183.6,10,0,2,1,1,8,Compensation,34,176,0,Low,1
P0511,Airport,134.6,12,0,2,2,0,2,Verification,35,192,1,Medium,1
P0512,Railway,249.7,12,2,2,2,1,5,Verification,22,25,0,Low,0
P0513,Industrial,66,6,0,3,1,1,12,Notification,71,280,0,Medium,1
P0514,Industrial,83.9,8,0,5,1,0,7,Approval,54,22,0,Low,0
P0515,Highway,103.8,11,1,3,2,2,5,Objection,44,289,0,Low,1
P0516,Highway,207.8,18,3,3,4,3,6,Objection,3,207,1,High,1
P0517,Railway,173.4,16,0,5,1,2,9,Notification,65,273,0,Low,1
P0518,Dam,221.4,15,3,4,1,5,1,Objection,9,67,2,Low,1
P0519,Industrial,280.6,13,3,1,4,3,9,Compensation,60,110,1,Low,1
P0520,Highway,225.7,13,2,2,5,2,7,Notification,52,106,2,Low,1
P0521,Railway,402,11,1,1,1,5,4,Notification,36,158,0,Low,1
P0522,Railway,280.3,17,1,5,1,1,3,Valuation,53,32,1,Low,0
P0523,Industrial,146.1,21,2,0,3,1,9,Verification,12,140,1,High,1
P0524,Dam,113.6,15,1,5,1,0,4,Approval,28,168,0,Medium,1
P0525,Dam,148.7,11,3,4,3,1,4,Approval,34,20,1,Medium,1
P0526,Railway,230.1,16,1,3,0,2,8,Verification,44,102,0,Medium,1
P0527,Railway,120.9,9,1,3,1,0,6,Compensation,64,283,1,Medium,1
P0528,Highway,233.5,15,1,3,4,3,12,Approval,14,79,0,Low,1
P0529,Highway,219.2,17,3,1,2,2,7,Objection,42,180,1,Low,1
P0530,Industrial,87.7,13,2,1,1,0,7,Objection,36,78,1,Low,1
P0531,Dam,277.4,15,0,2,2,1,9,Approval,72,284,0,Medium,1
P0532,Industrial,192.2,14,3,3,1,0,3,Valuation,29,159,1,Low,1
P0533,Industrial,391.5,15,2,3,0,3,5,Approval,10,283,0,Low,1
P0534,Railway,154.9,17,2,3,2,1,4,Notification,49,20,1,Low,1
P0535,Dam,131.1,15,3,4,4,2,3,Compensation,28,135,1,Low,1
P0536,Industrial,80.9,8,2,5,7,0,10,Notification,59,146,0,Low,1
P0537,Dam,80.1,18,1,2,5,2,4,Verification,9,203,1,Low,1
P0538,Highway,259.6,14,3,2,2,3,4,Compensation,28,223,0,Low,1
P0539,Railway,370.2,11,3,3,2,2,11,Compensation,61,56,1,Low,1
P0540,Highway,147.5,12,1,2,2,0,6,Objection,71,92,0,Low,1
P0541,Industrial,142,11,3,4,2,0,6,Compensation,49,159,0,Low,1
P0542,Airport,163,13,2,5,3,1,1,Valuation,37,185,0,Low,1
P0543,Highway,287.7,18,2,4,3,2,2,Approval,32,107,0,Medium,1
P0544,Airport,88.1,13,2,4,5,0,2,Notification,52,277,1,Low,1
P0545,Airport,179.1,7,2,5,7,1,6,Objection,26,37,0,Low,1
P0546,Railway,262.8,14,4,2,2,3,4,Objection,32,156,1,Low,1
P0547,Highway,206.4,12,1,5,3,0,6,Valuation,56,162,0,Low,1
P0548,Airport,23.2,15,1,1,3,1,10,Valuation,69,130,0,Low,1
P0549,Railway,226.4,12,1,2,2,2,6,Valuation,34,95,0,High,1
P0550,Dam,207.5,16,2,3,0,1,5,Valuation,10,39,1,High,1
P0551,Railway,317.9,11,0,3,1,2,9,Notification,52,129,1,Low,1
P0552,Industrial,354.4,19,1,3,3,1,5,Valuation,49,108,2,Medium,1
P0553,Railway,309.3,6,0,2,3,0,4,Objection,48,199,0,Low,1
P0554,Railway,163.5,12,4,5,2,0,7,Objection,37,297,1,Low,1
P0555,Industrial,54.7,9,2,3,3,2,8,Compensation,63,169,0,Medium,1
P0556,Railway,141.4,19,4,2,2,0,2,Approval,53,188,1,Low,1
P0557,Highway,160.6,8,2,3,4,0,3,Objection,65,187,1,Low,1
P0558,Highway,367.7,11,1,6,4,0,8,Objection,10,168,2,Medium,1
P0559,Dam,99.6,14,1,8,1,1,6,Notification,36,28,1,Medium,1
P0560,Airport,67.2,8,3,3,3,0,5,Compensation,27,142,1,High,1
P0561,Dam,121.4,6,3,0,5,3,5,Objection,46,106,1,Medium,1
P0562,Highway,102.9,16,1,5,1,1,2,Verification,45,285,0,Medium,1
P0563,Highway,63.1,12,0,3,1,0,7,Objection,52,236,1,Low,0
P0564,Highway,149.3,13,2,4,2,0,4,Approval,15,122,0,Low,0
P0565,Railway,164.2,17,3,3,2,2,12,Approval,48,42,0,Medium,1
P0566,Railway,60.8,16,2,2,1,2,7,Compensation,55,211,2,High,1
P0567,Railway,130.6,10,0,3,6,3,10,Compensation,65,214,2,Low,1
P0568,Railway,99,8,0,1,1,0,6,Valuation,4,168,0,High,0
P0569,Industrial,44.5,11,2,3,3,0,9,Notification,42,84,0,Low,1
P0570,Highway,167.2,12,0,0,3,4,6,Approval,25,174,1,Low,1
P0571,Railway,176.7,17,1,1,2,3,11,Verification,61,117,1,Low,1
P0572,Dam,99,17,1,3,2,0,9,Verification,71,250,1,Medium,1
P0573,Railway,276.1,11,0,1,0,2,6,Valuation,36,203,0,Medium,1
P0574,Airport,158.6,10,1,0,3,3,10,Notification,29,123,1,Low,1
P0575,Industrial,101.8,9,1,0,6,1,5,Notification,57,269,1,High,1
P0576,Industrial,58.4,11,2,4,2,1,7,Compensation,6,207,2,Medium,1
P0577,Highway,182,12,2,3,0,2,7,Objection,70,85,1,Medium,1
P0578,Industrial,207.3,18,0,4,4,2,8,Verification,74,283,0,Medium,1
P0579,Railway,117.4,11,3,7,0,0,2,Verification,72,223,2,Low,1
P0580,Highway,170.2,21,0,3,1,0,8,Verification,29,190,0,Medium,0
P0581,Railway,354.3,11,1,1,4,0,8,Verification,49,253,1,Low,1
P0582,Industrial,252.9,11,2,3,3,2,6,Approval,42,112,2,Low,1
P0583,Railway,35.9,16,3,3,0,1,4,Notification,29,103,0,Medium,1
P0584,Highway,101.1,14,0,2,1,0,4,Objection,9,266,0,High,0
P0585,Airport,145.2,13,1,7,6,1,10,Approval,25,113,2,Medium,1
P0586,Highway,163.7,21,1,2,2,2,7,Notification,66,168,1,Medium,1
P0587,Highway,172.3,17,1,4,4,0,5,Valuation,31,297,1,Medium,1
P0588,Highway,200,17,1,3,0,3,6,Verification,63,45,0,Low,0
P0589,Highway,148,13,1,2,3,3,10,Objection,46,145,2,High,1
P0590,Highway,158.4,9,1,0,5,4,8,Notification,71,230,1,Low,1
P0591,Highway,260,11,3,7,2,0,5,Valuation,29,29,0,Low,1
P0592,Airport,184,12,0,5,5,0,4,Verification,14,281,0,Low,1
P0593,Highway,76.1,9,2,5,1,2,5,Valuation,19,57,3,Low,1
P0594,Highway,166.6,9,1,1,3,2,10,Valuation,39,182,0,Low,0
P0595,Industrial,145.4,13,1,4,1,0,4,Approval,36,269,0,Low,1
P0596,Railway,44.3,16,3,4,1,1,4,Valuation,38,184,0,Low,1
P0597,Airport,171.5,9,2,2,2,1,4,Approval,8,273,2,Medium,1
P0598,Highway,82.4,7,0,1,5,3,6,Compensation,34,92,1,Medium,1
P0599,Highway,262.1,12,0,4,1,1,9,Approval,24,99,0,Medium,0
P0600,Highway,198.5,21,0,5,4,1,7,Valuation,12,163,1,Low,1
P0601,Highway,73.5,5,1,5,1,2,8,Notification,31,215,0,Medium,1
P0602,Highway,255.7,12,1,2,3,0,9,Valuation,13,91,1,Low,0
P0603,Highway,320.6,9,3,6,2,2,4,Valuation,68,264,0,Medium,1
P0604,Highway,135.3,12,1,3,1,1,3,Notification,58,67,0,Low,0
P0605,Highway,144.9,11,1,4,2,1,4,Verification,60,123,1,Medium,1
P0606,Railway,242.2,9,2,4,1,2,11,Objection,54,102,1,Low,1
P0607,Highway,307.8,18,2,2,1,1,13,Compensation,63,180,1,Medium,1
P0608,Railway,52.3,17,1,10,2,1,4,Verification,19,281,0,High,1
P0609,Railway,78.9,11,3,4,3,0,7,Valuation,32,107,1,Medium,1
P0610,Airport,122.8,14,0,3,0,0,6,Verification,74,187,1,Low,1
P0611,Highway,130.7,9,2,0,1,1,7,Objection,39,78,1,Low,0
P0612,Dam,238.4,17,3,2,1,3,8,Verification,7,140,1,High,1
P0613,Airport,308.6,8,3,2,5,0,4,Objection,28,244,0,Low,1
P0614,Highway,321.1,10,2,1,1,2,10,Verification,72,119,0,High,1
P0615,Industrial,51.5,14,2,4,1,2,3,Approval,3,223,0,Low,1
P0616,Industrial,95.5,15,3,4,1,3,8,Valuation,11,76,2,High,1
P0617,Highway,71.4,17,1,2,4,2,9,Objection,73,254,1,High,1
P0618,Highway,109.6,13,0,3,2,1,4,Compensation,66,75,3,Medium,1
P0619,Dam,95.3,9,1,6,3,0,9,Valuation,26,26,1,Low,1
P0620,Dam,198.1,18,1,2,1,1,5,Approval,7,151,1,Low,0
P0621,Highway,211.4,15,1,2,1,2,3,Verification,53,209,1,High,1
P0622,Highway,157.2,15,3,4,1,0,6,Valuation,40,88,1,High,1
P0623,Railway,148.9,6,0,5,2,4,4,Verification,31,150,1,Low,1
P0624,Railway,125.9,10,2,2,6,2,5,Verification,48,57,2,Low,1
P0625,Airport,134.6,7,1,2,2,2,6,Valuation,54,53,1,High,1
P0626,Railway,352.2,11,2,4,8,3,7,Objection,48,45,2,Medium,1
P0627,Railway,228.6,19,0,3,5,1,1,Objection,70,156,2,High,1
P0628,Dam,128.7,13,0,4,3,3,6,Valuation,61,58,0,High,1
P0629,Highway,147.2,11,2,3,5,0,7,Objection,12,202,0,High,1
P0630,Highway,200.7,10,0,2,0,5,6,Notification,6,16,1,Low,0
P0631,Dam,73.4,13,2,5,1,1,10,Verification,54,38,1,Low,1
P0632,Industrial,169.9,13,1,0,4,2,7,Valuation,20,118,0,Low,1
P0633,Railway,221.8,9,2,4,1,0,10,Compensation,53,76,1,High,1
P0634,Railway,206.4,19,2,3,0,0,5,Approval,25,167,2,Medium,1
P0635,Highway,96.7,12,1,1,1,1,15,Valuation,27,277,0,Low,1
P0636,Railway,107.7,16,2,4,2,0,5,Valuation,62,257,1,Low,1
P0637,Railway,41,18,0,4,0,1,8,Verification,39,135,1,Low,1
P0638,Highway,234.6,10,0,3,5,2,6,Approval,70,187,0,High,1
P0639,Highway,432.9,10,1,0,3,0,6,Verification,20,117,1,Medium,0
P0640,Railway,88.6,19,2,3,4,1,10,Compensation,31,174,0,Medium,1
P0641,Highway,279.4,12,1,5,1,2,10,Objection,32,271,1,Low,1
P0642,Highway,412.2,14,0,1,3,1,5,Valuation,9,216,0,High,1
P0643,Highway,118.7,17,1,5,1,4,9,Verification,43,59,0,Low,1
P0644,Highway,147.4,12,1,2,2,3,1,Compensation,39,78,0,Medium,0
P0645,Highway,180.7,11,1,2,5,3,7,Compensation,29,210,0,Low,1
P0646,Industrial,202.8,20,0,2,2,0,8,Notification,23,84,0,Low,0
P0647,Railway,186.1,17,0,3,2,1,7,Valuation,45,195,0,Low,1
P0648,Airport,124.2,15,1,5,5,1,8,Compensation,53,261,1,Medium,1
P0649,Dam,219.9,16,1,5,1,3,10,Objection,73,172,4,Medium,1
P0650,Railway,125.9,14,0,2,3,3,6,Verification,15,200,0,Low,0
P0651,Highway,193.2,16,1,3,2,2,3,Verification,55,245,1,Low,1
P0652,Railway,154.1,10,0,0,3,6,9,Notification,65,87,0,High,1
P0653,Railway,48.1,16,1,4,4,1,4,Objection,59,69,1,Low,1
P0654,Dam,301.7,12,2,2,3,0,3,Compensation,27,257,3,Low,1
P0655,Railway,109.4,18,1,8,5,0,4,Notification,15,229,0,Low,1
P0656,Highway,318,15,2,5,1,0,6,Compensation,39,29,1,High,1
P0657,Highway,273.4,12,4,4,1,2,5,Compensation,32,161,1,Low,1
P0658,Railway,177.6,10,1,3,1,4,10,Valuation,14,158,2,High,1
P0659,Airport,208.6,10,1,3,1,1,8,Approval,67,39,0,Low,0
P0660,Railway,222.6,17,2,1,2,0,6,Compensation,20,113,0,Low,0
P0661,Railway,139.6,9,2,1,3,2,11,Verification,64,193,0,Low,1
P0662,Industrial,143.5,14,1,3,4,0,8,Compensation,26,188,0,Medium,1
P0663,Airport,216.7,14,1,4,3,0,5,Notification,62,277,1,Low,1
P0664,Highway,155,15,2,2,1,1,3,Compensation,19,72,1,Medium,0
P0665,Highway,124.5,18,2,2,6,1,7,Verification,62,293,0,Low,1
P0666,Highway,97.6,11,2,4,1,1,4,Verification,11,159,0,Low,0
P0667,Highway,196.3,14,0,2,1,1,4,Notification,54,136,2,High,1
P0668,Highway,107.3,13,1,3,4,3,0,Verification,17,41,0,Medium,1
P0669,Highway,248.6,11,2,2,4,1,8,Objection,30,80,0,Low,1
P0670,Highway,260,17,3,1,3,1,10,Objection,11,115,0,Medium,1
P0671,Highway,207.7,12,1,4,2,2,7,Approval,58,108,0,Medium,1
P0672,Industrial,231.9,15,2,3,2,1,3,Objection,38,81,2,Low,1
P0673,Highway,208.1,14,0,2,3,1,10,Notification,58,264,1,Medium,1
P0674,Railway,240.9,10,1,4,2,1,4,Compensation,73,156,1,Low,1
P0675,Railway,235.4,11,3,2,2,0,10,Objection,22,281,1,Medium,1
P0676,Industrial,190.6,17,0,3,4,2,2,Approval,57,54,0,Medium,0
P0677,Highway,275.3,13,2,0,2,0,9,Valuation,62,229,1,Low,1
P0678,Railway,142.5,6,1,4,2,2,4,Valuation,37,145,0,Low,0
P0679,Industrial,99.4,8,3,4,2,1,6,Notification,3,15,0,Low,0
P0680,Industrial,96.4,13,0,3,1,2,9,Approval,47,23,1,High,1
P0681,Dam,130.7,14,2,0,3,0,3,Objection,71,158,1,Medium,1
P0682,Highway,43.9,12,1,0,4,2,8,Approval,42,152,0,Low,1
P0683,Highway,176.7,19,0,3,4,3,5,Verification,40,193,1,Low,1
P0684,Airport,224.2,14,1,2,2,2,6,Approval,26,292,1,Low,1
P0685,Industrial,258,15,2,3,2,0,5,Objection,6,158,1,Medium,1
P0686,Railway,54.5,14,2,2,3,1,9,Notification,71,204,0,Medium,1
P0687,Railway,98.3,13,1,6,3,0,12,Verification,15,284,2,High,1
P0688,Highway,244.5,13,0,4,8,2,7,Approval,23,201,0,Low,1
P0689,Dam,139.9,16,0,3,2,3,2,Valuation,34,168,0,Medium,1
P0690,Highway,221.5,7,1,4,1,1,9,Objection,40,186,0,Medium,1
P0691,Highway,71.1,15,3,6,6,1,5,Notification,34,261,1,High,1
P0692,Railway,316,10,1,3,5,1,9,Compensation,59,25,1,Low,1
P0693,Railway,67.7,19,0,0,4,4,6,Objection,50,61,0,Medium,1
P0694,Highway,173.8,11,0,0,3,1,7,Approval,32,280,0,Low,1
P0695,Highway,176.3,16,2,7,2,1,7,Notification,73,125,0,Low,1
P0696,Airport,116.8,13,0,5,3,0,7,Valuation,40,293,2,High,1
P0697,Highway,203.7,10,1,2,2,1,3,Verification,46,266,3,High,1
P0698,Railway,206.9,12,4,6,2,1,5,Approval,28,90,1,Medium,1
P0699,Highway,194.8,8,2,6,6,2,6,Notification,4,189,0,Low,1
P0700,Railway,115.5,10,0,2,4,0,11,Verification,45,123,0,High,1
P0701,Railway,102.7,13,2,4,3,1,5,Notification,45,28,2,Low,1
P0702,Highway,122.9,8,2,2,5,1,1,Compensation,65,195,1,Low,1
P0703,Highway,94.5,8,4,1,3,0,4,Approval,60,286,2,Medium,1
P0704,Highway,282.1,12,1,5,1,1,6,Notification,50,57,1,Low,0
P0705,Highway,129.1,10,1,7,3,2,7,Valuation,7,116,0,High,1
P0706,Industrial,171.1,14,0,0,2,2,5,Notification,37,127,1,Low,1
P0707,Highway,244,11,1,2,1,2,5,Approval,18,207,1,Low,1
P0708,Dam,91.8,8,0,0,2,1,3,Notification,51,23,0,Medium,0
P0709,Highway,66,8,4,4,2,3,3,Verification,62,163,3,Medium,1
P0710,Airport,94.7,17,1,5,1,3,5,Verification,53,238,4,Medium,1
P0711,Dam,181.5,15,0,2,2,1,9,Compensation,61,124,0,Low,1
P0712,Railway,174.8,14,2,1,4,0,8,Objection,66,98,0,Medium,1
P0713,Railway,194.6,13,2,3,3,1,5,Compensation,15,57,3,Low,1
P0714,Railway,147.6,11,0,2,1,0,3,Objection,28,80,1,Low,0
P0715,Highway,28.6,19,3,3,3,1,8,Valuation,72,123,1,Medium,1
P0716,Industrial,144.9,13,1,3,4,0,8,Verification,5,116,1,Low,0
P0717,Dam,261.6,14,0,5,2,2,5,Objection,14,149,1,High,1
P0718,Industrial,298.1,10,2,4,1,1,4,Notification,43,100,1,Medium,1
P0719,Highway,164.8,17,0,2,3,2,7,Valuation,67,98,1,High,1
P0720,Dam,175.1,13,2,7,3,2,8,Approval,65,241,0,Low,1
P0721,Industrial,219.2,12,1,3,1,0,8,Objection,52,274,1,High,1
P0722,Highway,293.5,7,1,3,2,1,1,Compensation,49,34,0,Low,0
P0723,Highway,156.7,19,0,0,6,2,6,Objection,10,49,1,Low,0
P0724,Dam,217.6,8,1,6,2,0,5,Compensation,33,257,0,Low,1
P0725,Railway,112.6,16,2,3,0,1,8,Compensation,13,284,0,Medium,1
P0726,Dam,72.1,18,1,0,0,2,11,Verification,19,237,1,Low,1
P0727,Highway,119.6,18,4,6,6,1,9,Valuation,29,172,0,Medium,1
P0728,Dam,329.6,8,0,3,1,1,10,Compensation,29,299,0,Low,1
P0729,Highway,219.9,10,3,6,2,0,4,Verification,58,50,1,Low,1
P0730,Highway,76.3,16,3,1,2,0,3,Verification,71,43,2,Medium,1
P0731,Highway,225.5,11,1,5,4,0,5,Compensation,49,269,1,Low,1
P0732,Dam,79.9,16,2,4,2,3,5,Valuation,21,156,0,Medium,1
P0733,Airport,193.1,10,1,4,2,1,9,Notification,59,148,1,Medium,1
P0734,Railway,89.7,13,0,4,3,2,7,Objection,33,158,0,High,1
P0735,Railway,73.7,8,0,1,2,0,4,Verification,18,259,0,Low,1
P0736,Industrial,359.2,16,1,1,6,3,4,Objection,47,268,0,High,1
P0737,Railway,129.1,14,1,9,0,0,4,Valuation,29,19,0,Medium,0
P0738,Dam,217.8,7,0,6,6,1,11,Notification,63,280,2,High,1
P0739,Railway,160.4,19,2,4,3,0,5,Approval,28,253,0,Low,1
P0740,Railway,83.8,17,1,2,4,2,5,Notification,31,264,0,Medium,0
P0741,Railway,137.1,20,0,3,2,0,5,Valuation,46,45,0,High,1
P0742,Highway,84.3,10,0,4,1,1,4,Notification,31,134,0,Low,0
P0743,Dam,497.6,15,0,4,4,5,5,Approval,4,93,0,Medium,1
P0744,Railway,239,19,4,2,0,0,5,Verification,8,23,0,High,0
P0745,Highway,158.7,16,2,1,5,1,6,Notification,11,58,1,Medium,1
P0746,Industrial,211.5,6,3,4,2,1,9,Compensation,17,236,0,Low,0
P0747,Railway,230.8,11,1,1,3,1,3,Compensation,60,158,4,Medium,1
P0748,Railway,231.1,12,2,4,0,2,8,Valuation,4,134,1,Low,1
P0749,Industrial,225.8,12,3,5,2,2,3,Notification,5,67,1,High,0
P0750,Airport,216.5,10,3,2,2,1,8,Approval,54,79,1,Low,0
P0751,Highway,166,16,0,4,1,2,6,Valuation,57,190,0,Low,1
P0752,Industrial,344.4,14,0,2,5,1,9,Notification,55,84,1,Low,1
P0753,Airport,172,16,3,3,3,4,7,Valuation,74,135,3,Medium,1
P0754,Highway,161.3,6,0,4,2,2,5,Compensation,42,217,0,High,1
P0755,Highway,172.8,13,2,4,1,0,2,Approval,41,194,1,Low,1
P0756,Dam,179.7,11,2,3,4,3,4,Verification,45,95,1,Low,1
P0757,Airport,54.8,6,2,5,6,3,4,Approval,15,69,0,Low,1
P0758,Railway,94.1,18,3,3,4,1,2,Verification,39,193,2,High,1
P0759,Industrial,147.6,14,1,2,3,1,5,Objection,57,112,1,Medium,1
P0760,Dam,53.1,12,3,1,2,1,8,Compensation,34,124,0,Low,1
P0761,Highway,158.6,12,0,4,2,0,6,Compensation,16,167,1,Medium,1
P0762,Highway,178.4,15,0,2,1,0,6,Compensation,67,139,1,Low,0
P0763,Highway,70.1,12,3,4,4,2,8,Approval,29,105,1,Low,1
P0764,Dam,108,14,0,5,0,3,10,Verification,26,51,0,Low,1
P0765,Highway,304.5,17,1,0,2,0,6,Objection,24,19,1,High,0
P0766,Railway,212.7,13,1,2,3,2,6,Objection,47,164,3,High,1
P0767,Dam,206.1,13,1,2,3,0,4,Objection,10,186,0,Medium,1
P0768,Industrial,284.7,13,3,2,4,0,11,Valuation,69,276,0,Low,1
P0769,Highway,95.2,18,1,1,1,1,4,Approval,66,41,0,Medium,1
P0770,Dam,70.2,17,2,2,0,3,6,Approval,49,69,1,Low,1
P0771,Highway,264.4,13,0,2,2,0,3,Compensation,23,263,1,Medium,0
P0772,Dam,150,13,2,7,1,1,9,Approval,34,287,0,Medium,1
P0773,Highway,93.7,11,1,2,1,1,3,Approval,47,273,0,High,1
P0774,Railway,54.5,8,0,3,3,4,8,Valuation,46,280,1,Low,1
P0775,Dam,173.9,16,1,1,1,0,14,Approval,43,205,1,Medium,1
P0776,Highway,140.3,10,2,4,0,0,5,Verification,54,77,3,Medium,1
P0777,Highway,126.8,13,1,2,3,0,5,Objection,13,118,0,Low,0
P0778,Dam,34.2,18,1,3,1,1,7,Valuation,20,273,1,Medium,1
P0779,Dam,342,5,1,5,4,2,5,Valuation,13,175,0,High,1
P0780,Airport,62.3,15,2,3,4,1,5,Compensation,29,185,0,High,1
P0781,Airport,134,9,2,3,2,1,4,Approval,45,123,1,Medium,0
P0782,Railway,121.4,8,0,3,1,2,11,Objection,67,154,1,Low,1
P0783,Highway,216.1,14,1,4,3,1,5,Verification,56,107,1,High,1
P0784,Highway,54.9,18,1,6,6,0,10,Objection,31,117,1,Medium,1
P0785,Highway,202.2,13,1,5,1,1,9,Notification,23,240,0,Low,1
P0786,Industrial,174.4,12,2,1,2,1,8,Objection,31,174,0,Low,0
P0787,Railway,104.9,18,1,4,2,1,6,Verification,11,209,1,Low,1
P0788,Railway,198.3,22,2,1,2,2,4,Verification,63,159,1,Low,1
P0789,Railway,158.4,12,1,3,5,1,8,Verification,64,256,1,Medium,1
P0790,Industrial,385.7,21,1,4,4,1,6,Valuation,73,146,0,Low,1
P0791,Highway,140.2,14,3,4,3,0,6,Valuation,7,107,2,Low,0
P0792,Railway,86.4,10,1,5,4,2,10,Notification,17,287,1,Low,1
P0793,Railway,203.3,14,0,3,1,0,5,Objection,59,206,1,Medium,1
P0794,Airport,130.3,9,3,1,2,3,5,Approval,7,36,1,Low,0
P0795,Highway,156.6,13,1,1,3,1,8,Compensation,22,208,0,Low,1
P0796,Industrial,70.6,11,1,4,5,1,4,Notification,6,184,0,Low,0
P0797,Industrial,217.9,20,2,5,4,3,6,Approval,58,25,2,Medium,1
P0798,Railway,118.4,20,1,2,3,1,10,Approval,36,195,1,Low,1
P0799,Airport,181.9,13,2,4,0,0,6,Notification,42,246,1,Medium,1
P0800,Industrial,437.6,10,2,6,3,1,4,Objection,71,43,1,Low,1
P0801,Dam,135.6,15,0,3,1,1,11,Compensation,70,34,1,Low,1
P0802,Highway,234.2,13,1,3,1,1,5,Approval,24,19,2,Low,0
P0803,Railway,141,12,1,3,2,0,9,Valuation,16,48,0,Low,0
P0804,Airport,105.7,13,0,2,1,1,6,Valuation,70,154,0,Low,1
P0805,Railway,310.2,10,0,4,2,2,5,Notification,10,42,0,Low,0
P0806,Dam,44.8,15,2,2,4,1,10,Compensation,69,112,1,Low,1
P0807,Industrial,267,12,0,1,3,1,2,Compensation,48,276,1,Medium,0
P0808,Industrial,41.3,9,2,2,1,1,7,Approval,31,260,0,Low,1
P0809,Railway,252.3,11,0,2,4,3,2,Notification,14,33,0,High,1
P0810,Highway,158,16,0,4,2,2,3,Compensation,54,26,0,High,1
P0811,Industrial,86.6,16,0,4,4,2,8,Compensation,60,39,3,Medium,1
P0812,Dam,123.1,11,0,3,3,1,7,Valuation,4,27,0,Low,1
P0813,Highway,227.3,10,1,4,2,4,9,Notification,3,90,0,High,1
P0814,Industrial,415.4,13,1,4,2,1,5,Approval,57,273,2,Low,1
P0815,Industrial,56.3,13,3,1,4,4,7,Approval,36,38,0,Low,1
P0816,Railway,89.8,17,1,5,3,2,6,Valuation,66,22,2,Low,1
P0817,Railway,66.7,14,4,4,2,2,7,Verification,70,242,1,High,1
P0818,Railway,140.3,12,1,1,0,3,8,Verification,14,137,1,Low,0
P0819,Highway,256,12,0,5,1,2,6,Compensation,52,104,0,High,1
P0820,Highway,61.1,17,1,4,1,1,7,Objection,23,238,0,Low,0
P0821,Dam,155.6,10,1,1,1,1,9,Valuation,12,238,0,High,1
P0822,Highway,251.6,12,2,2,3,1,7,Objection,72,271,1,High,1
P0823,Highway,122,13,2,4,2,1,3,Compensation,16,17,1,High,1
P0824,Railway,175.3,10,1,2,2,3,4,Valuation,42,285,0,Medium,1
P0825,Railway,298,5,3,6,1,1,9,Approval,32,162,0,High,1
P0826,Industrial,80,12,1,4,3,2,8,Valuation,16,203,2,High,1
P0827,Highway,47.9,11,0,6,1,5,7,Notification,54,201,0,Low,1
P0828,Highway,187.3,11,1,4,1,0,7,Objection,19,202,1,Low,1
P0829,Dam,190.2,12,2,4,1,2,8,Valuation,64,138,1,Medium,1
P0830,Railway,117.1,10,1,2,1,0,5,Objection,24,51,0,Low,1
P0831,Highway,104,15,1,1,3,0,5,Compensation,55,163,0,Medium,0
P0832,Railway,159.8,16,0,3,3,2,3,Valuation,34,120,1,Low,0
P0833,Highway,79.1,17,0,2,0,0,3,Verification,57,117,0,Medium,0
P0834,Highway,79.2,17,0,4,1,1,4,Objection,24,246,2,Low,1
P0835,Railway,226.5,10,0,5,3,0,5,Approval,40,160,2,Low,1
P0836,Railway,75.8,21,1,0,0,2,9,Approval,52,31,0,Low,1
P0837,Industrial,49.9,9,1,5,2,1,7,Valuation,68,173,1,High,1
P0838,Railway,103.8,14,1,3,3,1,5,Approval,47,296,1,Low,1
P0839,Railway,118.8,8,0,3,4,0,8,Approval,10,292,1,High,1
P0840,Airport,202.2,10,1,5,2,2,7,Objection,67,139,1,Medium,1
P0841,Highway,109.3,12,4,0,2,0,5,Valuation,42,187,0,Medium,1
P0842,Airport,325.1,10,2,3,2,2,6,Objection,7,177,1,Low,1
P0843,Highway,164.5,10,0,1,2,1,5,Valuation,47,217,1,Low,1
P0844,Industrial,95.4,11,2,2,2,1,6,Approval,48,169,1,Medium,1
P0845,Highway,197.5,13,0,3,2,1,4,Valuation,38,275,0,Low,1
P0846,Railway,322,11,1,1,1,1,5,Compensation,19,200,0,Medium,0
P0847,Highway,223.2,11,1,1,8,1,8,Valuation,43,71,0,High,1
P0848,Industrial,58.9,15,1,4,2,1,3,Notification,32,231,1,Low,1
P0849,Railway,124.8,12,2,5,4,1,3,Valuation,54,222,0,Medium,1
P0850,Railway,180.3,15,3,5,2,1,7,Notification,22,216,0,High,1
P0851,Highway,218.2,11,2,2,2,2,5,Objection,38,88,3,High,1
P0852,Dam,140.8,11,0,2,2,0,4,Notification,68,99,1,High,1
P0853,Highway,129.7,15,1,3,1,3,6,Objection,47,134,0,High,1
P0854,Industrial,384.2,15,0,5,3,2,6,Valuation,6,28,1,Low,0
P0855,Highway,225,19,1,6,1,3,3,Objection,52,143,0,High,1
P0856,Highway,197.9,16,2,3,3,1,5,Approval,57,296,0,High,1
P0857,Highway,112,10,2,1,2,1,3,Compensation,61,63,0,Medium,1
P0858,Railway,78.4,11,0,2,1,0,5,Valuation,44,256,0,Low,1
P0859,Railway,199.8,18,0,2,2,0,7,Notification,4,67,1,Low,0
P0860,Highway,238.3,14,1,2,3,2,6,Compensation,48,279,2,Low,1
P0861,Dam,156.2,5,0,2,2,1,1,Verification,4,83,2,Low,0
P0862,Railway,225.3,13,0,2,1,0,7,Compensation,52,54,0,Medium,0
P0863,Railway,228.4,9,2,3,2,2,8,Valuation,3,198,1,Medium,1
P0864,Railway,246.9,11,0,4,3,1,4,Compensation,15,147,0,Medium,0
P0865,Railway,58.2,13,0,3,2,1,4,Compensation,72,70,0,Low,1
P0866,Railway,126.9,19,2,2,4,0,8,Approval,24,269,2,Medium,1
P0867,Highway,206.4,15,2,2,1,2,3,Objection,19,19,2,Low,1
P0868,Highway,161.2,16,3,5,2,1,4,Compensation,61,83,0,Low,1
P0869,Industrial,228.8,14,1,3,3,1,9,Notification,72,66,0,Medium,1
P0870,Industrial,197.8,14,2,2,3,2,8,Notification,5,112,1,Low,1
P0871,Railway,35.8,12,1,1,2,3,10,Approval,72,175,0,Low,1
P0872,Highway,278.9,7,2,5,0,1,8,Compensation,51,285,1,Low,1
P0873,Airport,117.7,11,1,2,1,1,5,Compensation,52,79,1,Medium,1
P0874,Railway,92,16,3,2,4,0,8,Approval,37,257,1,Medium,1
P0875,Highway,273.9,8,1,5,1,2,7,Valuation,25,276,0,Low,1
P0876,Highway,219.4,18,1,2,3,2,9,Verification,74,226,2,Low,1
P0877,Dam,294.7,13,4,3,0,0,4,Verification,9,168,1,Medium,1
P0878,Airport,181.4,17,0,0,4,1,6,Objection,52,248,2,High,1
P0879,Highway,125.9,7,2,0,2,2,8,Notification,12,154,1,Medium,1
P0880,Highway,169.9,5,2,1,2,0,10,Valuation,57,129,2,High,1
P0881,Highway,82.3,8,1,4,2,2,7,Notification,21,144,0,Medium,1
P0882,Airport,65.6,12,4,6,4,3,5,Valuation,25,192,0,Medium,1
P0883,Highway,107.1,14,2,3,5,0,5,Approval,66,109,1,High,1
P0884,Highway,342,15,4,1,1,2,4,Objection,35,115,0,Medium,1
P0885,Dam,113.6,16,0,0,2,1,4,Approval,68,210,0,High,1
P0886,Highway,50.6,14,1,0,0,4,6,Notification,11,222,0,Low,1
P0887,Airport,143.1,11,3,0,3,1,8,Objection,31,109,1,High,0
P0888,Highway,112.7,15,3,1,3,2,5,Compensation,20,117,0,Medium,0
P0889,Highway,281.7,14,1,3,8,0,7,Valuation,73,22,2,High,1
P0890,Highway,329,8,0,5,6,1,4,Valuation,31,150,0,Low,1
P0891,Dam,122.6,12,1,7,4,0,6,Objection,63,112,1,Medium,1
P0892,Industrial,181.3,11,2,0,3,3,7,Approval,7,275,1,High,1
P0893,Dam,189.8,15,2,4,1,1,9,Objection,71,161,0,Low,1
P0894,Railway,152.3,6,2,2,3,1,5,Approval,58,199,0,Medium,1
P0895,Airport,136.9,14,1,2,3,2,9,Objection,54,246,0,High,1
P0896,Highway,88.3,13,1,4,2,0,2,Approval,17,115,5,Low,1
P0897,Highway,45.5,13,3,0,3,3,5,Verification,22,161,1,Low,1
P0898,Industrial,88,15,3,3,1,0,5,Objection,18,219,0,Medium,1
P0899,Highway,149.3,15,2,1,3,2,14,Approval,27,60,2,Medium,1
P0900,Highway,61.2,11,3,3,2,1,1,Compensation,59,118,1,Low,1
P0901,Highway,176.1,15,2,6,0,2,5,Notification,23,236,2,Low,1
P0902,Highway,163,14,2,3,5,2,11,Notification,7,132,2,Low,1
P0903,Highway,112.8,18,1,5,2,1,11,Objection,11,19,1,Low,1
P0904,Railway,133.6,13,0,2,2,0,6,Objection,13,225,0,Low,0
P0905,Railway,68.2,10,1,1,0,2,5,Valuation,67,69,1,Medium,1
P0906,Industrial,244.5,10,2,4,4,0,3,Approval,65,33,1,Medium,1
P0907,Dam,242.3,9,3,7,1,1,4,Objection,28,102,1,Medium,1
P0908,Highway,75.8,16,2,2,5,0,4,Notification,21,261,1,Low,1
P0909,Highway,77.2,17,1,4,4,1,4,Notification,18,131,2,Medium,1
P0910,Railway,88.7,11,1,4,1,0,4,Notification,58,184,0,Low,1
P0911,Railway,212,14,0,0,1,1,7,Approval,70,164,0,High,1
P0912,Highway,189.4,9,0,5,2,0,10,Verification,32,222,0,Medium,1
P0913,Airport,272.3,6,3,7,1,1,8,Objection,9,297,1,High,1
P0914,Railway,288.8,17,1,1,3,1,1,Verification,14,188,1,Low,1
P0915,Railway,57.7,17,2,2,4,0,6,Approval,26,141,1,Medium,1
P0916,Railway,207.9,11,2,3,2,2,6,Compensation,24,170,1,Medium,1
P0917,Highway,282.6,10,1,1,4,1,8,Objection,49,194,0,High,1
P0918,Industrial,128.7,16,1,2,2,1,11,Valuation,32,101,0,Medium,0
P0919,Dam,154.6,14,2,2,4,2,6,Objection,62,281,0,Medium,1
P0920,Highway,141.6,15,2,1,4,2,7,Objection,41,96,1,Low,1
P0921,Industrial,145.2,11,1,7,2,0,6,Objection,22,78,0,Medium,1
P0922,Railway,244.1,8,2,0,3,3,3,Objection,28,133,2,Low,1
P0923,Industrial,376.6,14,1,8,2,1,3,Compensation,51,177,0,Low,1
P0924,Dam,319,8,0,3,4,0,11,Objection,71,192,0,Low,1
P0925,Railway,116,14,0,3,1,1,4,Approval,44,44,1,High,1
P0926,Highway,181.6,16,0,0,2,0,4,Objection,8,175,1,Low,0
P0927,Highway,96.9,17,4,3,4,0,5,Compensation,55,17,1,High,1
P0928,Railway,103,11,3,1,1,0,5,Approval,36,38,1,High,0
P0929,Airport,150.7,9,3,3,5,0,7,Objection,71,73,0,High,1
P0930,Highway,101.3,9,0,1,1,1,11,Objection,12,251,0,High,1
P0931,Highway,110.5,13,2,1,1,0,5,Approval,30,254,1,High,1
P0932,Dam,179.2,10,2,5,1,2,5,Objection,5,174,0,Low,1
P0933,Industrial,206.3,16,2,4,2,2,3,Compensation,50,74,2,Low,1
P0934,Railway,203.3,19,3,9,3,1,4,Notification,68,254,0,Medium,1
P0935,Highway,204.4,14,2,2,2,1,4,Objection,37,73,0,Medium,1
P0936,Highway,71.2,9,1,2,3,2,4,Valuation,54,67,0,Low,1
P0937,Highway,98.2,14,1,2,2,0,6,Approval,64,78,1,Medium,1
P0938,Industrial,160.1,11,0,2,0,2,5,Compensation,54,135,1,Medium,1
P0939,Highway,275.7,11,1,4,2,1,6,Objection,49,133,0,High,1
P0940,Railway,487.9,11,1,1,3,0,7,Objection,56,32,0,Medium,1
P0941,Highway,185.7,8,1,2,5,1,9,Approval,30,19,3,Medium,1
P0942,Railway,231.5,18,0,2,2,0,9,Verification,25,174,0,Low,1
P0943,Airport,66.3,20,0,3,1,0,4,Compensation,37,156,0,Medium,1
P0944,Dam,228.1,11,2,1,3,1,12,Compensation,34,32,1,High,1
P0945,Highway,418.3,11,3,1,2,1,5,Notification,4,82,0,Low,1
P0946,Highway,98,9,1,5,4,1,4,Notification,18,128,0,Low,0
P0947,Highway,112.6,12,2,4,3,1,5,Objection,18,36,1,Medium,1
P0948,Industrial,248.2,9,1,7,3,1,5,Approval,53,34,0,Low,1
P0949,Industrial,159,14,2,1,1,0,5,Valuation,69,277,0,Low,1
P0950,Railway,43,8,1,2,0,1,7,Objection,56,112,0,Low,0
P0951,Airport,116.7,11,2,5,8,0,6,Notification,22,119,1,Low,1
P0952,Airport,328.3,13,1,4,2,1,5,Objection,35,19,0,Low,0
P0953,Highway,133,15,1,5,4,0,7,Approval,10,143,1,High,1
P0954,Industrial,132.9,10,2,4,0,0,4,Compensation,26,173,0,Medium,1
P0955,Railway,239.7,12,2,3,3,0,3,Compensation,55,265,2,Low,1
P0956,Railway,189.4,14,2,4,4,1,8,Compensation,66,290,0,Low,1
P0957,Railway,128.9,15,1,6,4,0,5,Compensation,60,97,1,Low,1
P0958,Highway,108.3,15,1,4,2,0,14,Valuation,39,132,1,High,1
P0959,Highway,613,16,0,6,2,2,5,Verification,14,43,1,Low,0
P0960,Dam,299.3,12,2,2,4,1,8,Valuation,6,152,1,High,0
P0961,Highway,204.3,12,3,4,0,3,5,Objection,33,171,0,Low,1
P0962,Airport,211.5,11,1,0,4,1,3,Notification,40,45,2,High,1
P0963,Highway,145.7,16,1,3,0,1,10,Approval,39,167,0,Low,0
P0964,Railway,188.1,6,0,1,3,3,2,Objection,16,72,1,Low,0
P0965,Highway,137,19,0,4,0,0,3,Verification,26,101,1,Low,0
P0966,Railway,92.7,15,0,2,7,3,8,Approval,12,137,0,Medium,1
P0967,Dam,192.2,15,0,3,2,2,6,Approval,40,205,2,Low,1
P0968,Highway,130.3,12,0,4,2,0,7,Approval,45,42,1,Low,0
P0969,Railway,197.7,9,2,5,1,0,4,Objection,39,169,2,High,1
P0970,Railway,218.2,10,2,2,4,1,2,Verification,44,244,0,Low,1
P0971,Airport,203.5,12,2,4,6,0,4,Objection,34,51,0,Low,1
P0972,Industrial,88.2,8,1,5,2,0,1,Approval,16,20,0,High,0
P0973,Dam,122.3,19,1,4,1,1,7,Approval,6,239,0,Medium,1
P0974,Highway,131.7,10,1,5,1,0,3,Notification,26,47,1,High,1
P0975,Highway,262.9,19,1,1,0,2,7,Valuation,12,103,1,Low,0
P0976,Highway,255.6,16,0,3,4,2,4,Objection,18,54,1,Low,0
P0977,Railway,101.7,9,2,5,1,0,8,Verification,41,183,0,Low,0
P0978,Highway,70.2,8,1,1,3,1,3,Approval,20,32,1,High,0
P0979,Railway,500.4,17,0,0,4,0,6,Objection,27,29,1,High,1
P0980,Railway,199.1,7,0,1,6,2,6,Valuation,9,146,1,High,1
P0981,Highway,64.5,12,1,2,3,0,6,Objection,58,223,1,Low,1
P0982,Dam,111.6,11,0,3,6,1,5,Valuation,49,293,0,High,1
P0983,Highway,268.9,6,1,1,3,3,7,Objection,5,290,1,Low,1
P0984,Highway,435.6,13,1,2,2,3,7,Notification,3,291,0,Medium,1
P0985,Dam,397.1,12,2,2,4,1,4,Objection,35,90,2,High,1
P0986,Railway,194.5,15,1,5,1,2,4,Compensation,73,126,1,Low,1
P0987,Airport,157,11,1,1,5,0,8,Notification,61,280,0,Low,1
P0988,Railway,83.2,7,0,3,4,2,6,Valuation,74,86,3,Low,1
P0989,Highway,164.5,13,2,2,1,2,6,Approval,34,35,1,Medium,1
P0990,Dam,90.1,12,1,4,2,1,5,Approval,19,202,0,Low,1
P0991,Dam,123,12,2,5,2,1,5,Objection,19,135,1,Low,1
P0992,Airport,248.1,14,2,3,3,0,6,Verification,23,155,0,High,1
P0993,Highway,136.6,9,0,3,1,2,7,Objection,57,218,0,Low,1
P0994,Railway,131.4,10,3,3,4,0,9,Notification,8,223,0,Low,1
P0995,Railway,152.2,16,0,2,1,1,5,Notification,51,23,1,Medium,0
P0996,Highway,540.4,13,2,3,3,0,3,Valuation,28,199,1,High,1
P0997,Industrial,77.7,17,1,6,5,1,6,Objection,34,215,2,Low,1
P0998,Highway,183.3,16,1,2,1,3,4,Valuation,74,78,1,Medium,1
P0999,Industrial,378.1,14,5,1,0,1,8,Verification,46,39,1,Low,0
P1000,Railway,151.9,13,2,3,4,0,7,Approval,61,170,1,Medium,1
